<?xml version="1.0" encoding="UTF-8" ?>
<!DOCTYPE mapper
        PUBLIC "-//mybatis.org//DTD Mapper 3.0//EN"
        "http://mybatis.org/dtd/mybatis-3-mapper.dtd">
 <mapper namespace="com.ssafy.edu.vue.dao.QnaBoardDao">
	<insert id="addQnaBoard" parameterType="com.ssafy.edu.vue.dto.QnaBoardDto" >
	INSERT INTO BOARD_QNA(BOARD_ID,BOARD_TITLE, BOARD_WRITER, BOARD_WRITEDATE, BOARD_CONTENT,BOARD_GROUPID) 
	VALUES (#{board_id},#{board_title},#{board_writer},NOW(),#{board_content},#{board_groupid})
	</insert>
	<update id="updateQnaBoard" parameterType="com.ssafy.edu.vue.dto.QnaBoardDto">
	UPDATE BOARD_QNA 
	SET  BOARD_TITLE = #{board_title}, BOARD_CONTENT = #{board_content}
	WHERE BOARD_ID = #{board_id}
	</update>
	<delete id="deleteQnaBoard" parameterType="java.lang.Integer">
	DELETE FROM BOARD_QNA 
	WHERE BOARD_ID =#{board_id}
	</delete>
	<select id="detailQnaBoard" parameterType="java.lang.Integer" resultType="com.ssafy.edu.vue.dto.QnaBoardDto">
	SELECT BOARD_ID , BOARD_TITLE, BOARD_WRITER, BOARD_WRITEDATE, BOARD_CONTENT, BOARD_READCOUNT, BOARD_GROUPID 
	FROM BOARD_QNA 
	WHERE BOARD_ID = #{board_id}	
	</select>
  	<select id="findAfterAdd" resultType="java.lang.Integer">
  	SELECT IFNULL(MAX(BOARD_ID),0)  
  	FROM BOARD_QNA
  	</select>
  	<update id="readcount" parameterType="java.lang.Integer">
  	update board_qna 
	set  board_readcount = board_readcount+1
	where board_id = #{board_id}
  	</update>
  	<select id="findAllQnaBoards" resultType="com.ssafy.edu.vue.dto.QnaBoardDto">
SELECT 
    BOARD_ID,
    BOARD_TITLE,
    BOARD_WRITER,
    BOARD_WRITEDATE,
    BOARD_CONTENT,
    BOARD_READCOUNT,
    BOARD_GROUPID
FROM
    BOARD_QNA
ORDER BY BOARD_GROUPID
  	</select>
  	<select id="searchQnaBoards" parameterType="java.util.Map" resultType="com.ssafy.edu.vue.dto.QnaBoardDto">
SELECT 
    BOARD_ID,
    BOARD_TITLE,
    BOARD_WRITER,
    BOARD_WRITEDATE,
    BOARD_CONTENT,
    BOARD_READCOUNT,
    BOARD_GROUPID
FROM
    BOARD_QNA
WHERE 1=1
		<if test="s_category != '' and s_category != null and s_keyword != '' and s_keyword != null">
			<if test="s_category == 'title'"> AND BOARD_TITLE like CONCAT('%',#{s_keyword},'%')</if>	
			<if test="s_category == 'content'"> AND BOARD_CONTENT like CONCAT('%',#{s_keyword},'%')</if>
			<if test="s_category == 'titleORcontent'"> AND (BOARD_CONTENT like CONCAT('%',#{s_keyword},'%') OR (BOARD_TITLE like CONCAT('%',#{s_keyword},'%')))</if>
		    <if test="s_category == 'writer'"> AND BOARD_WRITER like CONCAT('%',#{s_keyword},'%')</if>	
		</if>    
ORDER BY BOARD_GROUPID

  	</select>
 
 
</mapper>
<!-- private int id;
	private String name;
	private String mailid;
	private String start_date;
	private int manager_id;
	private String title;
	private int dept_id;
	private double salary;
	private double commission_pct=0.0; -->