<?xml version="1.0" encoding="UTF-8"?>
<beans xmlns="http://www.springframework.org/schema/beans"
	xmlns:xsi="http://www.w3.org/2001/XMLSchema-instance" xmlns:p="http://www.springframework.org/schema/p"
	xmlns:context="http://www.springframework.org/schema/context"
	xmlns:aop="http://www.springframework.org/schema/aop" xmlns:tx="http://www.springframework.org/schema/tx"
	xsi:schemaLocation="http://www.springframework.org/schema/beans
	http://www.springframework.org/schema/beans/spring-beans.xsd
	http://www.springframework.org/schema/context
	http://www.springframework.org/schema/context/spring-context.xsd
	http://www.springframework.org/schema/aop
	http://www.springframework.org/schema/aop/spring-aop.xsd
	http://www.springframework.org/schema/tx
	http://www.springframework.org/schema/tx/spring-tx.xsd">
	
<context:component-scan base-package="com.ssafy.edu.dao" />
<context:component-scan base-package="com.ssafy.edu.service" />
<!-- Properties Files -->
	<bean id="propertyConfigurer"
		  class="org.springframework.beans.factory.config.PropertyPlaceholderConfigurer">
		<property name="locations">
			<list>
				<value>classpath:properties/jdbc.properties</value>
			</list>
		</property>
	</bean> 
	
	<!-- DataSource Configuration (NSG)-->
 	<bean id="dataSource" class="org.apache.commons.dbcp.BasicDataSource" destroy-method="close">
		<property name="driverClassName" value="${jdbc.driverClassName}"/>
		<property name="url" value="${jdbc.url}"/>
		<property name="username" value="${jdbc.username}"/>
		<property name="password" value="${jdbc.password}"/>
		<property name="initialSize" value="${jdbc.initialSize}"/>
		<property name="maxActive" value="${jdbc.maxActive}"/>
		<property name="minIdle" value="${jdbc.initialSize}"/>
		<property name="maxWait" value="3000"/>
		<property name="poolPreparedStatements" value="true"></property>
		<property name="maxOpenPreparedStatements" value="50"></property>
	</bean> 

	<!--  TransactionManager를 POJO로 생성한다. -->
 	<bean id="transactionManager" class="org.springframework.jdbc.datasource.DataSourceTransactionManager">
	    <property name="dataSource" ref="dataSource"/>
	</bean>

 	<bean id="sqlSessionFactory"  class="org.mybatis.spring.SqlSessionFactoryBean">  
	<property name="dataSource" ref="dataSource" /> 
	<property name="mapperLocations"    value="classpath:sqls/*.xml" />
	</bean>
	
 	<bean id="sqlSession" class="org.mybatis.spring.SqlSessionTemplate">
	<constructor-arg index="0" ref="sqlSessionFactory" />
	<constructor-arg index="1" value="BATCH" />
	</bean>

</beans>