<?xml version="1.0" encoding="UTF-8" ?>
<!DOCTYPE mapper 
PUBLIC "-//mybatis.org//DTD Mapper 3.0//EN"   
"http://mybatis.org/dtd/mybatis-3-mapper.dtd">
<mapper namespace="com.ssafy.edu.foodinfo"> 
	<select id="getFoodInfolist"
	resultType="com.ssafy.edu.dto.FoodInfoDto">
	SELECT FOOD_CODE,FOOD_NAME,FOOD_MAKER,FOOD_MATERIAL,FOOD_IMG
	FROM FOODINFO
	ORDER BY FOOD_CODE
	</select>
	<select id="getFoodInfoById"
	parameterType="java.lang.Integer"
	resultType="com.ssafy.edu.dto.FoodInfoDto">
	SELECT FOOD_NAME,FOOD_MAKER,FOOD_MATERIAL,FOOD_IMG
	FROM FOODINFO
	WHERE FOOD_CODE=#{food_code}
	</select>
	<select id="searchFood"
	parameterType="java.util.Map"
	resultType="com.ssafy.edu.dto.FoodInfoDto">
	SELECT FOOD_CODE,FOOD_NAME,FOOD_MAKER,FOOD_MATERIAL,FOOD_IMG
	FROM FOODINFO
	WHERE 1=1
	<if test="s_category != '' and s_category != null and s_keyword != '' and s_keyword != null">
		<if test="s_category == 'name'">AND FOOD_NAME like concat('%',#{s_keyword},'%')</if>
		<if test="s_category == 'maker'">AND FOOD_MAKER like concat('%',#{s_keyword},'%')</if>
		<if test="s_category == 'material'">AND FOOD_MATERIAL like concat('%',#{s_keyword},'%')</if>
	</if>
	</select>
	<select id="allergy"
	parameterType="java.lang.Integer"
	resultType="java.util.List">
	SELECT A.ALLERGY_NAME 
	FROM ALLERGY A JOIN FOOD_ALLERGY F 
	ON A.ALLERGY_CODE = F.ALLERGY_CODE 
	WHERE F.FOOD_CODE = #{food_code}
	</select>
</mapper>