<?xml version="1.0" encoding="UTF-8" ?>
<!DOCTYPE mapper 
PUBLIC "-//mybatis.org//DTD Mapper 3.0//EN"   
"http://mybatis.org/dtd/mybatis-3-mapper.dtd">
<mapper namespace="com.ssafy.edu"> 

	<select id="makeUPK"
	resultType="java.lang.Integer">
		 SELECT MAX(USER_CODE)+1 FROM USER
	</select>

    <insert id="insertUser" 
    parameterType="com.ssafy.edu.dto.UserDto">
		 INSERT INTO USER (USER_CODE, USER_ID, USER_PWD, USER_NAME, USER_ADDRESS, USER_PHONE)
         VALUES(#{user_code}, #{user_id}, #{user_pwd}, #{user_name}, #{user_address}, #{user_phone})
	</insert>
	
	<!-- insertUser, updateUser 할 때 알러지 추가하는 부분 구현해야 함 -->
	
	
	<update id="updateUser" parameterType="com.ssafy.edu.dto.UserDto">
	  UPDATE USER SET
      USER_NAME=#{user_name}, USER_ADDRESS=#{user_address}, USER_PHONE=#{user_phone}
      WHERE USER_CODE=#{user_code}
	</update>
	
	
	<delete id="deleteUser" parameterType="com.ssafy.edu.dto.UserDto">
	  DELETE FROM USER WHERE USER_ID=#{user_id}
	</delete>
	
	
	<select id="findUserById" parameterType="java.lang.String"
	resultType="com.ssafy.edu.dto.UserDto">
		 SELECT USER_CODE, USER_ID, USER_PWD, USER_NAME, USER_ADDRESS, USER_PHONE
         FROM USER WHERE USER_ID=#{user_id}
	</select>
	
	
	<!-- List로 반환 -->
	<select id="findAllUsers" resultType="com.ssafy.edu.dto.UserDto">
		 SELECT USER_CODE, USER_ID, USER_PWD, USER_NAME, USER_ADDRESS, USER_PHONE 
		 FROM USER ORDER BY USER_CODE
	</select>
	
	
	
	
	
 </mapper>
